{"cameraMode":{"drawMode":0,"name":"Shaded","section":"Shading Mode"},"sceneLighting":true,"audioPlay":false,"sceneViewState":{"m_AlwaysRefresh":false,"showFog":true,"showSkybox":true,"showFlares":true,"showImageEffects":true,"showParticleSystems":true,"showVisualEffectGraphs":true,"m_FxEnabled":true},"in2DMode":false,"pivot":{"x":-2.6362295150756838,"y":7.568644046783447,"z":-0.0583648681640625},"rotation":{"x":0.23478662967681886,"y":0.002916147233918309,"z":-0.0007043604273349047,"w":0.9720425605773926},"size":60.82225799560547,"orthographic":true}